t_stat,p_value
6.514913524022024,2.37866198248262e-06
